<?xml version="1.0" encoding="UTF-8"?>
<project-private xmlns="http://www.netbeans.org/ns/project-private/1">
    <editor-bookmarks xmlns="http://www.netbeans.org/ns/editor-bookmarks/2" lastBookmarkId="0"/>
    <open-files xmlns="http://www.netbeans.org/ns/projectui-open-files/2">
        <group>
            <file>file:/C:/chinnu/Malicious/Malicious/web/index.html</file>
            <file>file:/C:/chinnu/Malicious/Malicious/web/registerdata.jsp</file>
            <file>file:/C:/chinnu/Malicious/Malicious/web/login.jsp</file>
            <file>file:/C:/chinnu/Malicious/Malicious/web/logindata.jsp</file>
            <file>file:/C:/chinnu/Malicious/Malicious/web/registration.jsp</file>
            <file>file:/C:/chinnu/Malicious/Malicious/src/conf/MANIFEST.MF</file>
        </group>
    </open-files>
</project-private>
